{
  "Demographics" : {
    "transaction" : "Demographics",
    "sampleCount" : 4000,
    "errorCount" : 2606,
    "errorPct" : 65.15,
    "meanResTime" : 12361.012499999984,
    "medianResTime" : 9944.5,
    "minResTime" : 516.0,
    "maxResTime" : 59003.0,
    "pct1ResTime" : 26083.100000000002,
    "pct2ResTime" : 32757.55,
    "pct3ResTime" : 48242.78,
    "throughput" : 67.6303998647392,
    "receivedKBytesPerSec" : 495.48788332699297,
    "sentKBytesPerSec" : 9.22253439639868
  },
  "Health Finance" : {
    "transaction" : "Health Finance",
    "sampleCount" : 4000,
    "errorCount" : 1165,
    "errorPct" : 29.125,
    "meanResTime" : 6900.379500000002,
    "medianResTime" : 3051.0,
    "minResTime" : 210.0,
    "maxResTime" : 77630.0,
    "pct1ResTime" : 18429.000000000004,
    "pct2ResTime" : 26179.799999999985,
    "pct3ResTime" : 41182.839999999975,
    "throughput" : 43.374068812960175,
    "receivedKBytesPerSec" : 322.7640667526919,
    "sentKBytesPerSec" : 6.2265508940479934
  },
  "Total" : {
    "transaction" : "Total",
    "sampleCount" : 16000,
    "errorCount" : 7062,
    "errorPct" : 44.1375,
    "meanResTime" : 9109.777375000005,
    "medianResTime" : 4194.0,
    "minResTime" : 200.0,
    "maxResTime" : 84519.0,
    "pct1ResTime" : 22184.699999999997,
    "pct2ResTime" : 30274.09999999998,
    "pct3ResTime" : 46016.799999999996,
    "throughput" : 169.02420215294578,
    "receivedKBytesPerSec" : 1251.315807608862,
    "sentKBytesPerSec" : 24.037585436452183
  },
  "Health Facility" : {
    "transaction" : "Health Facility",
    "sampleCount" : 4000,
    "errorCount" : 2582,
    "errorPct" : 64.55,
    "meanResTime" : 12886.290000000015,
    "medianResTime" : 8994.0,
    "minResTime" : 286.0,
    "maxResTime" : 84519.0,
    "pct1ResTime" : 28871.0,
    "pct2ResTime" : 35098.399999999994,
    "pct3ResTime" : 47322.869999999995,
    "throughput" : 42.87061647946498,
    "receivedKBytesPerSec" : 317.3918031883681,
    "sentKBytesPerSec" : 6.065040921343137
  },
  "Disease Surveillance" : {
    "transaction" : "Disease Surveillance",
    "sampleCount" : 4000,
    "errorCount" : 709,
    "errorPct" : 17.725,
    "meanResTime" : 4291.427500000001,
    "medianResTime" : 1548.0,
    "minResTime" : 200.0,
    "maxResTime" : 52257.0,
    "pct1ResTime" : 14346.000000000004,
    "pct2ResTime" : 16954.34999999999,
    "pct3ResTime" : 33825.55999999999,
    "throughput" : 44.54342984409799,
    "receivedKBytesPerSec" : 331.46575723830733,
    "sentKBytesPerSec" : 6.568415924276169
  }
}